[{"ProductId": 1,"Name": "Generac","ManufacturedCountry": "GB","WeightGrams": 55 },
{"ProductId": 2,"Name": "Ambigue","ManufacturedCountry": "US","WeightGrams": 128 },
{"ProductId": 3,"Name": "Vaguee","ManufacturedCountry": "CA","WeightGrams": 103 },
{"ProductId": 4,"Name": "Dubioum","ManufacturedCountry": "PR","WeightGrams": 77 },
{"ProductId": 5,"Name": "Fuzzi","ManufacturedCountry": "SG","WeightGrams": 83 },
{"ProductId": 6,"Name": "Lax","ManufacturedCountry": "PK","WeightGrams": 48 },
{"ProductId": 7,"Name": "Nebuloon","ManufacturedCountry": "CH","WeightGrams": 118 },
{"ProductId": 8,"Name": "Obscurry","ManufacturedCountry": "AU","WeightGrams": 88 },
{"ProductId": 9,"Name": "Uncerty","ManufacturedCountry": "GH","WeightGrams": 68 },
{"ProductId": 10,"Name": "Uncleary","ManufacturedCountry": "PE","WeightGrams": 93 },
{"ProductId": 11,"Name": "Tutti","ManufacturedCountry": "LI","WeightGrams": 81 },
{"ProductId": 12,"Name": "Frutti","ManufacturedCountry": "JP","WeightGrams": 104 }]
